Title;Views;views_numeric;Date;Duration;hours;minutes;seconds;hours;minutes;seconds
Schwebebahn mit Hochtemperatur-Supraleitung ; 146,000;146000;13 years;3 minutes, 52 seconds;0;3 minutes;52 seconds;0;3;52
Discover the University of Zurich in 100 seconds ; 128,789;128789;7 years;1 minute, 43 seconds;0;1 minute;43 seconds;0;1;43
University of Zurich - UniversitÃ¤t ZÃ¼rich - UZH ; 66,676;66676;9 years;1 minute, 8 seconds;0;1 minute;8 seconds;0;1;8
Zwischenbericht Covid-19-Forschung: GrÃ¼nde fÃ¼r schwere KrankheitsverlÃ¤ufe ; 24,146;24146;4 years;6 minutes, 6 seconds;0;6 minutes;6 seconds;0;6;6
What is UZH for you? ; 23,220;23220;5 years;2 minutes, 49 seconds;0;2 minutes;49 seconds;0;2;49
Roboter Roboy ; 22,497;22497;12 years;6 minutes, 19 seconds;0;6 minutes;19 seconds;0;6;19
Hochsicherheitslabor der UniversitÃ¤t ZÃ¼rich ; 21,510;21510;13 years;5 minutes, 56 seconds;0;5 minutes;56 seconds;0;5;56
Erwin SchrÃ¶dinger - Nobel Prize in Physics 1933 ; 20,843;20843;4 years;5 minutes, 7 seconds;0;5 minutes;7 seconds;0;5;7
Mathegenies ; 17,617;17617;13 years;4 minutes, 21 seconds;0;4 minutes;21 seconds;0;4;21
The Center of Dental Medicine in ZÃ¼rich (ZZM) ; 14,487;14487;7 years;3 minutes, 1 second;0;3 minutes;1 second;0;3;1
Zahnmedizin Studieren in ZÃ¼rich ; 13,618;13618;7 years;2 minutes, 22 seconds;0;2 minutes;22 seconds;0;2;22
Talk im Turm: Dunkle Materie und Einsteins Wellen ; 13,201;13201;8 years;1 hour, 12 minutes;1 hour;12 minutes;0;1;12;0
Der flexible Schweif des Prions vergiftet die Hirnzellen ; 12,586;12586;11 years;5 minutes, 48 seconds;0;5 minutes;48 seconds;0;5;48
Nanopartikel schÃ¤digen den Darm ; 10,732;10732;7 years;1 minute, 48 seconds;0;1 minute;48 seconds;0;1;48
Studieninformationstage UZH ; 9,983;9983;8 years;4 minutes, 23 seconds;0;4 minutes;23 seconds;0;4;23
Studium und Behinderung ; 9,687;9687;11 years;5 minutes, 45 seconds;0;5 minutes;45 seconds;0;5;45
Albert Einstein - Nobel Prize in Physics 1921 ; 9,198;9198;4 years;4 minutes, 53 seconds;0;4 minutes;53 seconds;0;4;53
Zwischenbericht Covid-19-Forschung: AntikÃ¶rpertests und ein mÃ¶glicher Speicheltest ; 8,558;8558;4 years;6 minutes, 41 seconds;0;6 minutes;41 seconds;0;6;41
Bissige Hunde ; 7,254;7254;13 years;4 minutes, 53 seconds;0;4 minutes;53 seconds;0;4;53
Aufgefallen: UniGag ; 6,717;6717;5 years;5 minutes, 56 seconds;0;5 minutes;56 seconds;0;5;56
Superhydrophobic Surfaces ; 6,595;6595;13 years;2 minutes;0;2 minutes;0;0;2;0
Talk im Turm: KreativitÃ¤t. Wie wir auf neue Ideen kommen. ; 6,584;6584;9 years;1 hour, 12 minutes;1 hour;12 minutes;0;1;12;0
Lernen an der Uni ; 5,909;5909;2 years;3 minutes, 57 seconds;0;3 minutes;57 seconds;0;3;57
Lehre an der UZH: Dentalassistent*in ; 5,833;5833;2 years;4 minutes, 14 seconds;0;4 minutes;14 seconds;0;4;14
A German colony in Ghana? The Atlantic slave trade and the fortress of Grossfriedrichsburg. ; 5,549;5549;5 years;4 minutes, 3 seconds;0;4 minutes;3 seconds;0;4;3
Aufgefallen: UZH-Alumna Dominique Rinderknecht ; 4,968;4968;5 years;3 minutes;0;3 minutes;0;0;3;0
FORUM UZH: Herzog & de Meuron gewinnen den Projektwettbewerb ; 4,951;4951;5 years;5 minutes, 17 seconds;0;5 minutes;17 seconds;0;5;17
Talk im Turm: Besser leben ; 4,656;4656;12 years;1 hour, 22 minutes;1 hour;22 minutes;0;1;22;0
Talk im Turm: MÃ¤nner und Frauen. Wie gross ist der kleine Unterschied? ; 4,561;4561;11 years;1 hour, 18 minutes;1 hour;18 minutes;0;1;18;0
Das Zentrum fÃ¼r Zahnmedizin in ZÃ¼rich (ZZM) ; 4,477;4477;7 years;3 minutes, 1 second;0;3 minutes;1 second;0;3;1
Die Sprache veraÌˆndert sich, und das ist gut so ; 4,301;4301;4 years;12 minutes, 17 seconds;0;12 minutes;17 seconds;0;12;17
Die Geheimnisse der Nieren ; 4,143;4143;6 years;3 minutes, 31 seconds;0;3 minutes;31 seconds;0;3;31
Studieninformationstage 2012 ; 3,692;3692;12 years;7 minutes, 45 seconds;0;7 minutes;45 seconds;0;7;45
â€Macht euch nicht zu viele Gedankenâ€œ | Student Stories ; 3,548;3548;2 years;4 minutes, 21 seconds;0;4 minutes;21 seconds;0;4;21
More than just a degree | Studying at UZH ; 3,502;3502;4 years;5 minutes, 7 seconds;0;5 minutes;7 seconds;0;5;7
The flexible tail of the prion protein poisons brain cells ; 3,393;3393;11 years;7 minutes, 52 seconds;0;7 minutes;52 seconds;0;7;52
Forschung zu verletzten Nervenbahnen: Prof. Martin E. Schwab gibt Auskunft ; 3,243;3243;12 years;8 minutes, 47 seconds;0;8 minutes;47 seconds;0;8;47
Alfred Werner - Nobel Prize in Chemistry 1913 ; 3,060;3060;4 years;4 minutes, 23 seconds;0;4 minutes;23 seconds;0;4;23
Zwinglis Ruf heute ; 2,947;2947;7 years;5 minutes, 46 seconds;0;5 minutes;46 seconds;0;5;46
Wie Studierende und Mitarbeitende der UZH die Festtage verbringen ; 2,777;2777;9 years;2 minutes, 40 seconds;0;2 minutes;40 seconds;0;2;40
Swiss Training for Int. Physics Olympiad ; 2,774;2774;8 years;2 minutes, 58 seconds;0;2 minutes;58 seconds;0;2;58
Erstsemestrige 2015: Willkommen an der UZH! ; 2,757;2757;9 years;1 minute, 26 seconds;0;1 minute;26 seconds;0;1;26
Rolf Zinkernagel - Nobel Prize in Physiology/Medicine 1996 ; 2,752;2752;4 years;4 minutes, 44 seconds;0;4 minutes;44 seconds;0;4;44
Aufgefallen: UZH Alumnus Martin Meuli ; 2,634;2634;5 years;3 minutes, 37 seconds;0;3 minutes;37 seconds;0;3;37
Talk im Turm: Das Experiment ; 2,582;2582;12 years;1 hour, 20 minutes;1 hour;20 minutes;0;1;20;0
Japanologie studieren an der UniversitÃ¤t ZÃ¼rich ; 2,470;2470;4 years;5 minutes, 5 seconds;0;5 minutes;5 seconds;0;5;5
Diversity at UZH ; 2,470;2470;5 years;2 minutes, 11 seconds;0;2 minutes;11 seconds;0;2;11
Talk im Turm: Krebs heilen? ; 2,459;2459;6 years;1 hour, 18 minutes;1 hour;18 minutes;0;1;18;0
Gamen in der Gangtherapie ; 2,456;2456;10 years;5 minutes, 16 seconds;0;5 minutes;16 seconds;0;5;16
Are You Ready? | Fall Semester 2022 | University of Zurich ; 2,351;2351;2 years;39 seconds;0;FALSE;0;0;0;39
Latein und Griechisch studieren in ZÃ¼rich ; 2,351;2351;5 years;4 minutes, 11 seconds;0;4 minutes;11 seconds;0;4;11
UZH Flying Robots ; 2,330;2330;7 years;1 minute, 34 seconds;0;1 minute;34 seconds;0;1;34
Peter Debye - Nobel Prize in Chemistry 1936 ; 2,328;2328;4 years;4 minutes, 27 seconds;0;4 minutes;27 seconds;0;4;27
Bouldern an der UniversitÃ¤t ZÃ¼rich ; 2,316;2316;13 years;4 minutes, 13 seconds;0;4 minutes;13 seconds;0;4;13
K. Alex MÃ¼ller - Nobel Prize in Physics 1987 ; 2,241;2241;4 years;5 minutes, 7 seconds;0;5 minutes;7 seconds;0;5;7
â€Die LernatmosphÃ¤re ist ganz anders als am Gymiâ€œ | Student Stories ; 2,143;2143;2 years;2 minutes, 41 seconds;0;2 minutes;41 seconds;0;2;41
Neuer Linearbeschleuniger am UniversitÃ¤tstierspital ZÃ¼rich ; 2,109;2109;12 years;5 minutes, 14 seconds;0;5 minutes;14 seconds;0;5;14
Karriereplanung an der UZH ; 2,071;2071;10 years;4 minutes, 28 seconds;0;4 minutes;28 seconds;0;4;28
Das Institut fÃ¼r Medizinische Mikrobiologie neu an der Gloriastrasse ; 2,070;2070;7 years;2 minutes, 27 seconds;0;2 minutes;27 seconds;0;2;27
â€Die Uni ist wie eine eigene kleine Weltâ€œ | Student Stories ; 2,066;2066;2 years;2 minutes, 45 seconds;0;2 minutes;45 seconds;0;2;45
Herbstsemester 2017: Willkommen an der UZH! ; 2,032;2032;7 years;46 seconds;0;FALSE;0;0;0;46
My Studies. Our Future. ; 1,993;1993;2 years;3 minutes, 57 seconds;0;3 minutes;57 seconds;0;3;57
Von der Forschung zur Innovation: Gentherapie heilt Immundefekte ; 1,945;1945;3 years;2 minutes, 37 seconds;0;2 minutes;37 seconds;0;2;37
Fall Semester 2017: Welcome to the University of Zurich ; 1,935;1935;7 years;47 seconds;0;FALSE;0;0;0;47
UNI-POLY Ruderregatta 2016 ; 1,909;1909;8 years;5 minutes, 18 seconds;0;5 minutes;18 seconds;0;5;18
20 Jahre Moulagenmuseum ; 1,902;1902;11 years;4 minutes, 4 seconds;0;4 minutes;4 seconds;0;4;4
Dritte Orang-Utan-Art beschrieben ; 1,897;1897;7 years;2 minutes, 51 seconds;0;2 minutes;51 seconds;0;2;51
Moosforschung ; 1,892;1892;13 years;4 minutes, 39 seconds;0;4 minutes;39 seconds;0;4;39
Â«Talk im TurmÂ» zum Thema Intelligenz ; 1,861;1861;11 years;1 hour, 17 minutes;1 hour;17 minutes;0;1;17;0
Botschaft von Gabriele Siegert an die Studierenden der UZH ; 1,840;1840;5 years;2 minutes, 46 seconds;0;2 minutes;46 seconds;0;2;46
â€Ich war Ã¼berrascht, dass ich meine Module selber frei auswÃ¤hlen konnteâ€œ | Student Stories ; 1,810;1810;2 years;2 minutes, 38 seconds;0;2 minutes;38 seconds;0;2;38
Vom VerstaÌˆndnis der Sprachen ; 1,810;1810;4 years;7 minutes, 47 seconds;0;7 minutes;47 seconds;0;7;47
Talk im Turm: Â«Die SchÃ¶pfung â€“ bei Licht betrachtetÂ» ; 1,789;1789;9 years;1 hour, 18 minutes;1 hour;18 minutes;0;1;18;0
Multiple-Sklerose-Studie ; 1,741;1741;8 years;4 minutes, 34 seconds;0;4 minutes;34 seconds;0;4;34
Lehre an der UZH: Laborant*in Fachrichtung Chemie ; 1,731;1731;2 years;4 minutes, 5 seconds;0;4 minutes;5 seconds;0;4;5
UZH Lehrpreis 2018: Silja HÃ¤usermann ; 1,710;1710;4 years;3 minutes, 52 seconds;0;3 minutes;52 seconds;0;3;52
Talk im Turm: Risiko ; 1,699;1699;11 years;1 hour, 21 minutes;1 hour;21 minutes;0;1;21;0
Willkommen an der UZH 2014 ; 1,693;1693;10 years;1 minute, 29 seconds;0;1 minute;29 seconds;0;1;29
Aufgefallen: UZH-Alumna Doris Leuthard, Teil 1 ; 1,648;1648;5 years;3 minutes, 22 seconds;0;3 minutes;22 seconds;0;3;22
Study Computer Sciences at UZH ; 1,619;1619;4 years;3 minutes, 44 seconds;0;3 minutes;44 seconds;0;3;44
Talk im Turm: Mein Zwingli. Die Reformation in unseren KÃ¶pfen. ; 1,615;1615;7 years;1 hour, 10 minutes;1 hour;10 minutes;0;1;10;0
Have you ever wondered if carbon can be magnetic? ; 1,599;1599;2 years;1 minute, 48 seconds;0;1 minute;48 seconds;0;1;48
Dean Falk: Wie kam der Mensch zur Sprache? ; 1,582;1582;13 years;4 minutes, 50 seconds;0;4 minutes;50 seconds;0;4;50
Fall Semester 2018: Welcome to the University of Zurich ; 1,552;1552;6 years;58 seconds;0;FALSE;0;0;0;58
Congratulations to all graduates 2020!  ; 1,543;1543;4 years;7 minutes, 45 seconds;0;7 minutes;45 seconds;0;7;45
Prion Protein - Wie Farbe das Leben verlÃ¤ngert - Neurowissenschaft (2016) ; 1,501;1501;4 years;4 minutes, 33 seconds;0;4 minutes;33 seconds;0;4;33
Ethnographische Filme an der UniversitÃ¤t ZÃ¼rich ; 1,493;1493;13 years;3 minutes, 25 seconds;0;3 minutes;25 seconds;0;3;25
ğŸš€ Digital Entrepreneurship ; 1,483;1483;3 years;1 minute, 29 seconds;0;1 minute;29 seconds;0;1;29
â€FÃ¼r Kunstgeschichte brauchst du einen guten Rucksackâ€œ | Student Stories ; 1,474;1474;2 years;2 minutes, 46 seconds;0;2 minutes;46 seconds;0;2;46
Lehre an der UZH: Polymechaniker*in ; 1,466;1466;2 years;2 minutes, 50 seconds;0;2 minutes;50 seconds;0;2;50
Talk im Turm Auf Weltreise. Indische GÃ¶tter und ein chinesischer Philosoph. ; 1,462;1462;12 years;1 hour, 20 minutes;1 hour;20 minutes;0;1;20;0
UNI-POLY rowing race 2017 â€“ filmed with a GoPro camera ; 1,455;1455;7 years;3 minutes, 8 seconds;0;3 minutes;8 seconds;0;3;8
Walter Rudolf Hess - Nobel Prize in Physiology/Medicine 1949 ; 1,446;1446;4 years;6 minutes, 8 seconds;0;6 minutes;8 seconds;0;6;8
Ist Klingonisch eine echte Sprache? / Is Klingon a real language? ; 1,396;1396;5 years;1 minute, 34 seconds;0;1 minute;34 seconds;0;1;34
Kinder-UniversitÃ¤t ZÃ¼rich ; 1,363;1363;8 years;1 minute, 35 seconds;0;1 minute;35 seconds;0;1;35
Talk im Turm: Konflikte und Krisen ; 1,351;1351;10 years;1 hour, 8 minutes;1 hour;8 minutes;0;1;8;0
Zukunft braucht Herkunft ; 1,349;1349;4 years;11 minutes, 12 seconds;0;11 minutes;12 seconds;0;11;12
Talk im Turm: WurmlÃ¶cher und die Wiege der Moderne ; 1,327;1327;7 years;1 hour, 9 minutes;1 hour;9 minutes;0;1;9;0
175 Jahre Alter Botanischer Garten ; 1,318;1318;12 years;5 minutes, 33 seconds;0;5 minutes;33 seconds;0;5;33
Lehre an der UZH: Laborant*in Fachrichtung Biologie ; 1,310;1310;2 years;4 minutes, 5 seconds;0;4 minutes;5 seconds;0;4;5
UZH Lehrpreis 2017: Greta Patzke ; 1,310;1310;4 years;6 minutes, 17 seconds;0;6 minutes;17 seconds;0;6;17
Visit Zurich as an International Exchange Student | University of Zurich ; 1,302;1302;1 year;4 minutes, 33 seconds;0;4 minutes;33 seconds;0;4;33
Spiritual Care - Alternative Sterbebegleitung (2019) ; 1,290;1290;4 years;4 minutes, 49 seconds;0;4 minutes;49 seconds;0;4;49
Talk im Turm: Mozart & Goldkehlen ; 1,267;1267;9 years;1 hour, 20 minutes;1 hour;20 minutes;0;1;20;0
Herbstsemester 2018: Willkommen an der UZH! ; 1,265;1265;6 years;58 seconds;0;FALSE;0;0;0;58
Talk im Turm: Was uns die Zukunft bringt ; 1,261;1261;5 years;1 hour;#N/A;#N/A;#N/A;1;0;0
Willkommen im Herbstsemester 2019 / Welcome to the fall semester 2019 ; 1,247;1247;5 years;1 minute, 55 seconds;0;1 minute;55 seconds;0;1;55
Aufgefallen: UZH-Alumna Doris Leuthard, Teil 2 ; 1,221;1221;5 years;3 minutes, 30 seconds;0;3 minutes;30 seconds;0;3;30
UNI-POLY Ruderregatta 2015 ; 1,219;1219;9 years;4 minutes, 38 seconds;0;4 minutes;38 seconds;0;4;38
Talk im Turm: Geld und Geist ; 1,216;1216;6 years;1 hour, 12 minutes;1 hour;12 minutes;0;1;12;0
A Warm Welcome To Our New International Exchange Students! ; 1,215;1215;2 years;1 minute, 1 second;0;1 minute;1 second;0;1;1
Die Zentral Bibliothek: Eine Institution fÃ¼r jede Generation ; 1,213;1213;7 years;1 minute, 50 seconds;0;1 minute;50 seconds;0;1;50
Religion ist Gefahr und Ressource zugleich ; 1,206;1206;4 years;12 minutes, 37 seconds;0;12 minutes;37 seconds;0;12;37
Talk im Turm: Die Welt retten. Nachhaltig anlegen und smart recyclen ; 1,197;1197;5 years;1 hour, 11 minutes;1 hour;11 minutes;0;1;11;0
The Social Life of Dolphins ; 1,196;1196;4 years;6 minutes, 3 seconds;0;6 minutes;3 seconds;0;6;3
Kleintierklinik der UniversitÃ¤t ZÃ¼rich ; 1,147;1147;13 years;6 minutes, 9 seconds;0;6 minutes;9 seconds;0;6;9
Erster MOOC-Kurs der UZH: Informatik fÃ¼r Ã–konomen von Prof. Bernstein ; 1,142;1142;11 years;1 minute, 30 seconds;0;1 minute;30 seconds;0;1;30
Let's study safely! ; 1,141;1141;3 years;23 seconds;0;FALSE;0;0;0;23
FORUM UZH - Das Bauprojekt wurde weiter optimiert ; 1,129;1129;4 years;1 minute, 41 seconds;0;1 minute;41 seconds;0;1;41
Interview mit UZH-Rektor Michael Hengartner ; 1,129;1129;8 years;2 minutes, 38 seconds;0;2 minutes;38 seconds;0;2;38
Dem Hirn beim Denken zuschauen ; 1,124;1124;9 years;4 minutes, 8 seconds;0;4 minutes;8 seconds;0;4;8
UZH International Summer Schools 2021 - Testimonials ; 1,107;1107;3 years;1 minute, 57 seconds;0;1 minute;57 seconds;0;1;57
Wahrnehmungsspaziergang ; 1,099;1099;10 years;4 minutes, 19 seconds;0;4 minutes;19 seconds;0;4;19
EuropÃ¤isches Jugendparlament ; 1,093;1093;11 years;7 minutes, 42 seconds;0;7 minutes;42 seconds;0;7;42
Just ask, we answer | Where do we have microwaves at UZH? ; 1,092;1092;5 years;2 minutes, 44 seconds;0;2 minutes;44 seconds;0;2;44
Weihnachtsumfrage: Die besten Momente im Jahr 2012 ; 1,091;1091;12 years;3 minutes, 33 seconds;0;3 minutes;33 seconds;0;3;33
Welche Karriere wÃ¼nschen sich Studierende? ; 1,085;1085;8 years;2 minutes, 52 seconds;0;2 minutes;52 seconds;0;2;52
Talk im Turm: Im Kreuzfeuer ; 1,079;1079;8 years;1 hour, 18 minutes;1 hour;18 minutes;0;1;18;0
Aufgefallen: UZH Alumna Seraina Rohrer ; 1,062;1062;5 years;2 minutes, 41 seconds;0;2 minutes;41 seconds;0;2;41
Der Mensch braucht Geschichten ; 1,055;1055;4 years;12 minutes, 42 seconds;0;12 minutes;42 seconds;0;12;42
Die langwierige Erfolgsgeschichte der MenschenwuÌˆrde ; 1,050;1050;4 years;7 minutes, 51 seconds;0;7 minutes;51 seconds;0;7;51
2022 UZH Innovathon: The Digitalization of Mobility ; 1,018;1018;2 years;4 minutes, 54 seconds;0;4 minutes;54 seconds;0;4;54
â€Ich habe beim Sport viele neue Leute kennengelerntâ€œ | Student Stories ; 1,012;1012;2 years;2 minutes, 52 seconds;0;2 minutes;52 seconds;0;2;52
Personalisierte Medizin ; 1,012;1012;9 years;4 minutes, 44 seconds;0;4 minutes;44 seconds;0;4;44
UZH Lehrpreis 2021: Guido Gefter ; 1,009;1009;3 years;6 minutes, 57 seconds;0;6 minutes;57 seconds;0;6;57
The origins of key immune cells ; 1,007;1007;12 years;11 minutes;0;11 minutes;0;0;11;0
Back to UZH | Herbstsemester 2020 | Fall Semester 2020 ; 1,003;1003;4 years;1 minute, 39 seconds;0;1 minute;39 seconds;0;1;39
Internationales Drohnenrennen Â«AlphaPilotÂ», AlphaPilot international drone race ;990;990;5 years;14 seconds;0;FALSE;0;0;0;14
VSUZH-Wahlen: Die Gewinner im GesprÃ¤ch ;989;989;11 years;25 minutes;0;25 minutes;0;0;25;0
Literatur kann auch schmutzig sein ;983;983;4 years;13 minutes, 10 seconds;0;13 minutes;10 seconds;0;13;10
Die Wasserstoffgesellschaft / The Hydrogen Society ;976;976;5 years;1 minute, 51 seconds;0;1 minute;51 seconds;0;1;51
XXL-Tannenbaum zu Weihnachten ;959;959;11 years;4 minutes;0;4 minutes;0;0;4;0
SNS-Lab der UniversitÃ¤t ZÃ¼rich ;923;923;13 years;6 minutes, 53 seconds;0;6 minutes;53 seconds;0;6;53
UZH International Summer Schools 2023 - Testimonials ;914;914;1 year;1 minute, 11 seconds;0;1 minute;11 seconds;0;1;11
Krisenbewusstsein und Recht ;912;912;3 years;11 minutes, 25 seconds;0;11 minutes;25 seconds;0;11;25
Lehrpreis 2024 Marc Thommen ;898;898;10 months;3 minutes, 48 seconds;0;3 minutes;48 seconds;0;3;48
We are ready | Fall Semester 2023 | University of Zurich ;897;897;1 year;1 minute, 30 seconds;0;1 minute;30 seconds;0;1;30
Phenology and climate change (2017) ;896;896;4 years;3 minutes, 29 seconds;0;3 minutes;29 seconds;0;3;29
Welcome to the Fall Semester 2024 | University of Zurich ;895;895;6 months;51 seconds;0;FALSE;0;0;0;51
Zu Besuch bei der Klinik fÃ¼r Zoo-, Heim- und Wildtiere am Tierspital ZÃ¼rich ;891;891;9 years;5 minutes, 48 seconds;0;5 minutes;48 seconds;0;5;48
UZH @ Â«Zurich meets New YorkÂ»: Talk with Prof. Fehr, Economics, and Prof. Pfeifer, Robotics ;880;880;10 years;1 hour, 39 minutes;1 hour;39 minutes;0;1;39;0
Wenn die Lebensgrundlage verschwindet | Then we disappear ;876;876;5 years;8 minutes, 21 seconds;0;8 minutes;21 seconds;0;8;21
Einweihung 5. Bauetappe, Neubau LaborgebaÌˆude Campus Irchel ;875;875;3 years;40 minutes;0;40 minutes;0;0;40;0
Lehre an der UZH: Fachmann/-frau Information und Dokumentation ;870;870;2 years;3 minutes, 45 seconds;0;3 minutes;45 seconds;0;3;45
UZH Lehrpreis 2020: Carina Klein ;864;864;4 years;3 minutes, 50 seconds;0;3 minutes;50 seconds;0;3;50
Frogs Use Brains or Camouflage to Evade Predators | UZH Spotlight ;860;860;2 years;44 seconds;0;FALSE;0;0;0;44
Talk im Turm: Gesund sterben. Was uns die Medizin von morgen bringt. ;850;850;11 years;1 hour, 9 minutes;1 hour;9 minutes;0;1;9;0
UZH International Summer Schools 2020 - Testimonials ;848;848;4 years;1 minute, 32 seconds;0;1 minute;32 seconds;0;1;32
Leopold Ruzicka - Nobel Prize in Chemistry 1939 ;844;844;4 years;3 minutes, 57 seconds;0;3 minutes;57 seconds;0;3;57
Conferenza stampa Â«Abusi sessuali nellâ€™ambiente della Chiesa cattolica in SvizzeraÂ» ;842;842;1 year;2 hours, 3 minutes;2 hours;3 minutes;0;2;3;0
Lateinamerika neu entdecken ;832;832;10 years;5 minutes, 16 seconds;0;5 minutes;16 seconds;0;5;16
Artificial Intelligence ;830;830;5 years;3 minutes, 48 seconds;0;3 minutes;48 seconds;0;3;48
Talk im Turm: Wie Innovation entsteht ;812;812;6 years;1 hour, 15 minutes;1 hour;15 minutes;0;1;15;0
Dies academicus 2014: Â«Quo vadis UZHÂ» -- Rede von Rektor Michael O. Hengartner ;804;804;10 years;30 minutes;0;30 minutes;0;0;30;0
New Students of 2015: Welcome to UZH ;786;786;9 years;1 minute, 28 seconds;0;1 minute;28 seconds;0;1;28
DIZH - Forschungs- und Innovationsinitiative ZÃ¼rich ;784;784;5 years;2 minutes, 55 seconds;0;2 minutes;55 seconds;0;2;55
Lehre an der UZH: Tiermedizinische*r Praxisassistent*in ;782;782;10 months;4 minutes, 54 seconds;0;4 minutes;54 seconds;0;4;54
Das digitale Herbarium ;765;765;4 years;3 minutes, 5 seconds;0;3 minutes;5 seconds;0;3;5
Talk im Turm: Humor ;763;763;5 years;1 hour, 13 minutes;1 hour;13 minutes;0;1;13;0
Ã„lteste AlphÃ¼tte gefunden ;762;762;13 years;4 minutes, 24 seconds;0;4 minutes;24 seconds;0;4;24
Nanomedizin ;748;748;12 years;5 minutes, 18 seconds;0;5 minutes;18 seconds;0;5;18
"This was the ""International Sports Law"" Summer School 2023 at UZH ";744;744;1 year;3 minutes, 32 seconds;0;3 minutes;32 seconds;0;3;32
Talk im Turm: Spieglein an der Wand. Was schÃ¶n ist. ;738;738;10 years;1 hour, 13 minutes;1 hour;13 minutes;0;1;13;0
Visualisierung Big Data ;734;734;7 years;2 minutes, 30 seconds;0;2 minutes;30 seconds;0;2;30
Schweizer Universalgenie: Gessner-Ausstellung im Zoologischen Museum ;729;729;9 years;1 minute, 31 seconds;0;1 minute;31 seconds;0;1;31
FrÃ¼herkennung von Corona-Risikopatienten / Predicting patients at high risk for severe Covid-19 ;726;726;4 years;1 minute, 42 seconds;0;1 minute;42 seconds;0;1;42
Talk im Turm: Unter Tag. Ausgegrabene Geschichte. ;725;725;12 years;1 hour, 5 minutes;1 hour;5 minutes;0;1;5;0
Talk im Turm: Wir Egoisten ;722;722;8 years;1 hour, 11 minutes;1 hour;11 minutes;0;1;11;0
Talk im Turm: Wilde Tiere ;711;711;12 years;1 hour, 6 minutes;1 hour;6 minutes;0;1;6;0
Talk im Turm: Das Tier und wir ;709;709;6 years;54 minutes;0;54 minutes;0;0;54;0
Serie Â«Lieblingsorte im 100-jÃ¤hrigen HauptgebÃ¤udeÂ», Teil 4 ;692;692;10 years;3 minutes;0;3 minutes;0;0;3;0
Evolution happens: Bakterien ;691;691;2 years;2 minutes, 45 seconds;0;2 minutes;45 seconds;0;2;45
Wird der Aletschgletscher zu einem See? / Will the Aletsch Glacier turn into a lake? ;691;691;5 years;1 minute, 45 seconds;0;1 minute;45 seconds;0;1;45
Talk im Turm: GÃ¼lleloch und schnelle Klicks. Was Daten uns verraten. ;687;687;7 years;1 hour, 17 minutes;1 hour;17 minutes;0;1;17;0
Roboterforschung an der UniversitÃ¤t ZÃ¼rich ;678;678;13 years;4 minutes, 22 seconds;0;4 minutes;22 seconds;0;4;22
Tag der Chemie an der UniversitÃ¤t ZÃ¼rich ;676;676;13 years;4 minutes, 58 seconds;0;4 minutes;58 seconds;0;4;58
Talk im Turm: Revolution der Rechner. Wie Big Data unser Leben verÃ¤ndert ;673;673;9 years;1 hour, 12 minutes;1 hour;12 minutes;0;1;12;0
Energien der Zukunft ;671;671;12 years;4 minutes, 39 seconds;0;4 minutes;39 seconds;0;4;39
2022 UZH Innovathon: Building a human-centered Future of Work ;658;658;2 years;2 minutes, 44 seconds;0;2 minutes;44 seconds;0;2;44
Lehrpreis 2022: Christoph Riedweg ;657;657;2 years;3 minutes, 34 seconds;0;3 minutes;34 seconds;0;3;34
KreativitÃ¤t in der Arbeit ;656;656;9 years;5 minutes, 10 seconds;0;5 minutes;10 seconds;0;5;10
Abschlussfeier der Philosophischen FakultÃ¤t 2020 ;648;648;4 years;1 minute, 32 seconds;0;1 minute;32 seconds;0;1;32
Nachhaltigkeitsexperte Kai Niebert (UZH) zur Pariser Klimakonferenz ;636;636;9 years;4 minutes, 43 seconds;0;4 minutes;43 seconds;0;4;43
Aufgefallen: Kripochefin Christiane Lentjes Meili ;634;634;5 years;2 minutes, 52 seconds;0;2 minutes;52 seconds;0;2;52
UZH PhD students apply for the Hult Prize ;631;631;10 years;5 minutes, 22 seconds;0;5 minutes;22 seconds;0;5;22
Double Degree Master of Law with Hong Kong ;626;626;7 years;4 minutes, 36 seconds;0;4 minutes;36 seconds;0;4;36
Wieso sind manche Affenarten egoistisch, andere selbstlos? ;620;620;8 years;3 minutes, 34 seconds;0;3 minutes;34 seconds;0;3;34
"University Research Priority Program ""Human Reproduction Reloaded"": An Interview with Andrea BÃ¼chler ";617;617;2 years;3 minutes, 50 seconds;0;3 minutes;50 seconds;0;3;50
Innovathon 2021 ;617;617;3 years;4 minutes, 50 seconds;0;4 minutes;50 seconds;0;4;50
International Sports Law | UZH International Summer School 2023 | Trailer ;608;608;2 years;48 seconds;0;FALSE;0;0;0;48
Shaping the Future of Teaching Together | University of Zurich ;607;607;1 year;1 minute, 26 seconds;0;1 minute;26 seconds;0;1;26
UZI5 â€“ Die fÃ¼nfte Bauetappe des neue ChemiegebÃ¤ude am Campus Irchel (Trailer) ;607;607;7 years;1 minute, 1 second;0;1 minute;1 second;0;1;1
Zukunftstag 2011 an der UniversitÃ¤t ZÃ¼rich ;602;602;13 years;6 minutes, 49 seconds;0;6 minutes;49 seconds;0;6;49
Albert Einstein's Annus Mirabilis | UZH Spotlight ;600;600;2 years;46 seconds;0;FALSE;0;0;0;46
"University Research Priority Program ""Equality of Opportunity"": An Interview with Silja HÃ¤usermann ";599;599;2 years;4 minutes, 12 seconds;0;4 minutes;12 seconds;0;4;12
Welcome to UZH 2014 ;596;596;10 years;1 minute, 24 seconds;0;1 minute;24 seconds;0;1;24
Learn to shape the world by innovating ;580;580;5 years;1 minute, 46 seconds;0;1 minute;46 seconds;0;1;46
Chemietag 2018 ;575;575;7 years;2 minutes, 52 seconds;0;2 minutes;52 seconds;0;2;52
Ready for take-off | Herbstsemester 2021 | Fall Semester 2021 ;563;563;3 years;1 minute, 50 seconds;0;1 minute;50 seconds;0;1;50
ChemCup 2024 Highlights | UZH, Department of Chemistry ;562;562;9 months;2 minutes, 56 seconds;0;2 minutes;56 seconds;0;2;56
Just ask, we answer | Printing? How to @UZH! ;561;561;5 years;1 minute, 27 seconds;0;1 minute;27 seconds;0;1;27
Aufgefallen: UZH Alumnus Rolf DÃ¶rig ;559;559;5 years;2 minutes, 33 seconds;0;2 minutes;33 seconds;0;2;33
Â«100 Ways of ThinkingÂ» mit Artur Zmijewski ;554;554;6 years;1 minute, 59 seconds;0;1 minute;59 seconds;0;1;59
The Una Europa General Assembly at the University of Zurich | June 2024 ;550;550;9 months;2 minutes, 17 seconds;0;2 minutes;17 seconds;0;2;17
Pandemiefonds der UniversitÃ¤t ZÃ¼rich ;548;548;4 years;2 minutes, 13 seconds;0;2 minutes;13 seconds;0;2;13
Willkommen, liebe Erstsemestrige ;545;545;8 years;1 minute, 23 seconds;0;1 minute;23 seconds;0;1;23
â€Mir gefÃ¤llt, dass man sich mit vielen unterschiedlichen Leuten austauschen kannâ€œ | Student Stories ;543;543;2 years;3 minutes, 18 seconds;0;3 minutes;18 seconds;0;3;18
UZH Studie zur Immunantwort gegen das Coronavirus / Antibody response to the Sars-CoV-2 virus ;542;542;4 years;1 minute, 9 seconds;0;1 minute;9 seconds;0;1;9
Talk im Turm: GÃ¶ttlicher Rausch. Von griechischem Wein und Maniokbier. ;538;538;10 years;1 hour, 21 minutes;1 hour;21 minutes;0;1;21;0
Forschung an der Klinik fÃ¼r Zoo-, Heim- und Wildtiere Vetsuisse-FakultÃ¤t der UniversitÃ¤t ZÃ¼rich ;536;536;9 years;6 minutes, 4 seconds;0;6 minutes;4 seconds;0;6;4
UZH Christmas Video ;533;533;7 years;50 seconds;0;FALSE;0;0;0;50
Â«FÃ¼nf Fragen an die SammlungenÂ» | Werkstattreihe VÃ¶lkerkundemuseum | UniversitÃ¤t ZÃ¼rich ;532;532;1 year;16 minutes;0;16 minutes;0;0;16;0
Was war 2011 deine wichtigste Erkenntnis? ;532;532;13 years;4 minutes, 34 seconds;0;4 minutes;34 seconds;0;4;34
Der KÃ¶rper - Ich oder Mein ;525;525;3 years;14 minutes, 48 seconds;0;14 minutes;48 seconds;0;14;48
Botschaft von Gabriele Siegert an die Mitarbeitenden der UZH ;522;522;5 years;2 minutes, 18 seconds;0;2 minutes;18 seconds;0;2;18
Aufgefallen: UZH-Alumna Doris Leuthard, Teil 3 ;521;521;5 years;2 minutes, 22 seconds;0;2 minutes;22 seconds;0;2;22
ZÃ¼rcher Kunstskandal von 1914/1915 ;521;521;10 years;10 minutes, 9 seconds;0;10 minutes;9 seconds;0;10;9
Aufgefallen: UZH Alumna Ingrid Deltenre ;515;515;5 years;2 minutes, 25 seconds;0;2 minutes;25 seconds;0;2;25
Astrophysiker an der Streetparade ;510;510;13 years;2 minutes, 47 seconds;0;2 minutes;47 seconds;0;2;47
UZH Season's Greetings 2016 ;509;509;8 years;45 seconds;0;FALSE;0;0;0;45
Digital Entrepreneurship Bootcamp 2020 - UZH Innovation Hub ;504;504;4 years;1 minute, 8 seconds;0;1 minute;8 seconds;0;1;8
Programming the Global Brain ;504;504;12 years;6 minutes, 28 seconds;0;6 minutes;28 seconds;0;6;28
Merci, Gabriele Siegert! ;500;500;4 years;1 minute, 58 seconds;0;1 minute;58 seconds;0;1;58
UZH Studie zur Ausbreitung des Coronavirus / Study on the spread of the coronavirus in Switzerland ;500;500;4 years;1 minute, 35 seconds;0;1 minute;35 seconds;0;1;35
Zwischenbericht Covid-19-Forschung: Ausbreitung des Coronavirus ;499;499;4 years;5 minutes, 19 seconds;0;5 minutes;19 seconds;0;5;19
Melanie Generali | UZH 3R Award ;495;495;1 year;3 minutes, 3 seconds;0;3 minutes;3 seconds;0;3;3
Innovators Camp 2021 ;494;494;3 years;2 minutes, 37 seconds;0;2 minutes;37 seconds;0;2;37
Matterhorn ;494;494;9 years;2 minutes, 34 seconds;0;2 minutes;34 seconds;0;2;34
Supranational banking rules - the hurdle race ;492;492;3 years;2 minutes, 28 seconds;0;2 minutes;28 seconds;0;2;28
Serie Â«Lieblingsorte im 100-jÃ¤hrigen HauptgebÃ¤udeÂ», Teil 1 ;489;489;10 years;2 minutes, 7 seconds;0;2 minutes;7 seconds;0;2;7
Kleine Helfer â€“ Was neue Medikamente kÃ¶nnen ;474;474;8 years;1 hour, 23 minutes;1 hour;23 minutes;0;1;23;0
Studie zu Altersheimen in ZÃ¼rich ;464;464;11 years;9 minutes, 12 seconds;0;9 minutes;12 seconds;0;9;12
Paul Karrer - Nobel Prize in Chemistry 1937 ;460;460;4 years;5 minutes, 24 seconds;0;5 minutes;24 seconds;0;5;24
Lehre an der UZH: Logistiker*in ;459;459;2 years;3 minutes, 8 seconds;0;3 minutes;8 seconds;0;3;8
Professorinnen-ApÃ©ro an der UniversitÃ¤t ZÃ¼rich ;452;452;12 years;4 minutes, 17 seconds;0;4 minutes;17 seconds;0;4;17
UZH's international partner universities ;449;449;6 years;2 minutes, 49 seconds;0;2 minutes;49 seconds;0;2;49
The Largest Shark That Ever Lived | UZH Spotlight ;448;448;2 years;52 seconds;0;FALSE;0;0;0;52
Gleichstellung an der UZH ;448;448;9 years;12 minutes, 18 seconds;0;12 minutes;18 seconds;0;12;18
Andreas Kellerhals zu Winston Churchill ;447;447;8 years;2 minutes, 34 seconds;0;2 minutes;34 seconds;0;2;34
Giuseppe Esposito | UZH 3R Award ;439;439;1 year;2 minutes, 55 seconds;0;2 minutes;55 seconds;0;2;55
ğŸš€ Coaching - Digital Entrepreneurship Bootcamp 2021 ;438;438;3 years;2 minutes, 8 seconds;0;2 minutes;8 seconds;0;2;8
Lehre an der UZH: Informatiker*in Fachrichtung Plattformentwicklung ;437;437;10 months;3 minutes, 22 seconds;0;3 minutes;22 seconds;0;3;22
UZI5 â€“ Die fÃ¼nfte Bauetappe des neue ChemiegebÃ¤ude am Campus Irchel (Voller Film) ;437;437;7 years;5 minutes, 44 seconds;0;5 minutes;44 seconds;0;5;44
A Warm Welcome to All News Students! ;435;435;8 years;1 minute, 13 seconds;0;1 minute;13 seconds;0;1;13
Video-Serie Â«LieblingsorteÂ» im 100-jÃ¤hrigen HauptgebÃ¤ude, Teil 6: LichterlÃ¶schen ;433;433;10 years;4 minutes, 7 seconds;0;4 minutes;7 seconds;0;4;7
Ã–kologischer Neubau fÃ¼r die Zahnmedizin ;427;427;4 years;2 minutes, 20 seconds;0;2 minutes;20 seconds;0;2;20
Von der Forschung zur Innovation: Recht - Medizin - Technologie ;425;425;3 years;2 minutes, 55 seconds;0;2 minutes;55 seconds;0;2;55
Aufgefallen: UZH Alumnus Alex RÃ¼bel ;423;423;5 years;2 minutes, 49 seconds;0;2 minutes;49 seconds;0;2;49
Just ask, we answer | Want coffee? Itâ€™s close! ;421;421;5 years;2 minutes, 47 seconds;0;2 minutes;47 seconds;0;2;47
Impressionen Wissenschaftstage Scientifica 2015 ;421;421;9 years;3 minutes, 56 seconds;0;3 minutes;56 seconds;0;3;56
Learn how to shape the world ;420;420;5 years;1 minute, 13 seconds;0;1 minute;13 seconds;0;1;13
Just ask, we answer | Working and studying? ;417;417;5 years;2 minutes, 18 seconds;0;2 minutes;18 seconds;0;2;18
Vorschau auf das ZÃ¼rcher Philosophie Festival ;417;417;6 years;2 minutes, 28 seconds;0;2 minutes;28 seconds;0;2;28
HochprÃ¤zises BestrahlungsgerÃ¤t am Tierspital rettet Tierleben ;414;414;3 years;2 minutes, 9 seconds;0;2 minutes;9 seconds;0;2;9
Innovation an der UniversitÃ¤t ZÃ¼rich ;409;409;3 years;1 minute, 46 seconds;0;1 minute;46 seconds;0;1;46
Hedi-Fritz-Niggli-Gastprofessorinnen ;408;408;9 years;7 minutes, 30 seconds;0;7 minutes;30 seconds;0;7;30
BundesprÃ¤sident Johann Schneider-Ammann an der UZH ;404;404;8 years;2 minutes, 40 seconds;0;2 minutes;40 seconds;0;2;40
Men Are Leaving Feminizing Occupations | UZH Spotlight ;402;402;2 years;53 seconds;0;FALSE;0;0;0;53
Studi-Schwinget ;401;401;10 years;4 minutes, 57 seconds;0;4 minutes;57 seconds;0;4;57
Standort Schlieren der UZH ;399;399;11 years;8 minutes, 54 seconds;0;8 minutes;54 seconds;0;8;54
Serie Â«Lieblingsorte im 100-jÃ¤hrigen HauptgebÃ¤udeÂ», Teil 2 ;393;393;10 years;3 minutes, 30 seconds;0;3 minutes;30 seconds;0;3;30
10 Jahre Alumni UZH ;385;385;8 years;2 minutes, 44 seconds;0;2 minutes;44 seconds;0;2;44
Season's Greetings 2019 ;384;384;5 years;49 seconds;0;FALSE;0;0;0;49
Studieninformationstage 2017 ;382;382;7 years;47 seconds;0;FALSE;0;0;0;47
Commercial Dishwashers and Gut Health | UZH Spotlight ;381;381;2 years;44 seconds;0;FALSE;0;0;0;44
Auszeichnung fÃ¼r medizinische Forschung: Georg Friedrich GÃ¶tz-Preis 2019 ;377;377;4 years;6 minutes, 52 seconds;0;6 minutes;52 seconds;0;6;52
Black Holes ;375;375;8 years;1 minute, 55 seconds;0;1 minute;55 seconds;0;1;55
Hochschultag der ZÃ¼rcher Mittelschulen ;373;373;13 years;5 minutes, 7 seconds;0;5 minutes;7 seconds;0;5;7
Was machen wir bloss mit all den Expert*innen? ;371;371;4 years;7 minutes, 50 seconds;0;7 minutes;50 seconds;0;7;50
Kann man Stimmen klonen? / Is It Possible to Clone a Voice? ;362;362;5 years;1 minute, 50 seconds;0;1 minute;50 seconds;0;1;50
What It's Like to Study Abroad | Global Student Experience ;355;355;2 years;4 minutes, 55 seconds;0;4 minutes;55 seconds;0;4;55
Talk im Turm: Bakterien ;355;355;10 years;1 hour, 20 minutes;1 hour;20 minutes;0;1;20;0
Chancengleichheit an Top-UniversitÃ¤ten ;345;345;6 years;2 minutes, 59 seconds;0;2 minutes;59 seconds;0;2;59
The art of learning | UZH Spotlight ;344;344;2 years;51 seconds;0;FALSE;0;0;0;51
The Secrets of Kidneys ;335;335;6 years;3 minutes, 40 seconds;0;3 minutes;40 seconds;0;3;40
ğŸš€ This was the Digital Entrepreneurship Bootcamp 2022 ;333;333;2 years;2 minutes, 20 seconds;0;2 minutes;20 seconds;0;2;20
Wie wird Wissenschaft relevant? | Antrittsvorlesungen als Podium ;332;332;3 years;56 minutes;0;56 minutes;0;0;56;0
Wird Virtual Reality bei Kriminalverfahren eingesetzt? / Is VR used in criminal proceedings? ;328;328;5 years;2 minutes, 8 seconds;0;2 minutes;8 seconds;0;2;8
UZH Lehrpreis 2019: Chatchavan Wacharamanotham ;325;325;4 years;1 minute, 43 seconds;0;1 minute;43 seconds;0;1;43
Marias Jungfrauengeburt | UZH Spotlight ;324;324;2 years;53 seconds;0;FALSE;0;0;0;53
Der Papaya auf der Spur: UmwelteinflÃ¼sse kÃ¶nnten die Papayaproduktion beeintrÃ¤chtigen ;324;324;3 years;7 minutes, 36 seconds;0;7 minutes;36 seconds;0;7;36
We are nothing without each other | UZH Spotlight ;322;322;2 years;48 seconds;0;FALSE;0;0;0;48
G'day Alumni UZH @Sydney! ;318;318;9 years;1 minute, 38 seconds;0;1 minute;38 seconds;0;1;38
Master Program in Biostatistics ;315;315;1 year;2 minutes, 10 seconds;0;2 minutes;10 seconds;0;2;10
Jahr der Chemie 2011 ;315;315;13 years;3 minutes, 55 seconds;0;3 minutes;55 seconds;0;3;55
Mitreden mit dem Clicker ;314;314;13 years;3 minutes, 54 seconds;0;3 minutes;54 seconds;0;3;54
UZH Innovation Hub | This was our 2022 ;310;310;2 years;1 minute;0;1 minute;0;0;1;0
Wird KÃ¼nstliche Intelligenz bald Ã„rztinnen und Ã„rzte ersetzen? / Will AI replace physicians? ;310;310;5 years;2 minutes, 2 seconds;0;2 minutes;2 seconds;0;2;2
Naturschutzprojekte an der UZH ;303;303;12 years;4 minutes, 57 seconds;0;4 minutes;57 seconds;0;4;57
UZH Season's Greetings 2015 ;301;301;9 years;55 seconds;0;FALSE;0;0;0;55
Language Beats ;295;295;3 years;2 minutes, 31 seconds;0;2 minutes;31 seconds;0;2;31
Ideen fÃ¼r eine lebenswertere Zukunft: Sonntagsbraten fÃ¼rs Klima / Living climate-friendly ;295;295;5 years;3 minutes, 18 seconds;0;3 minutes;18 seconds;0;3;18
Geld grÃ¼n anlegen / Green Investment ;295;295;5 years;2 minutes, 58 seconds;0;2 minutes;58 seconds;0;2;58
What If Our History Was Written In Our Grammar? ;290;290;3 years;2 minutes, 16 seconds;0;2 minutes;16 seconds;0;2;16
Serie Â«Lieblingsorte im 100-jÃ¤hrigen HauptgebÃ¤udeÂ», Teil 3 ;289;289;10 years;3 minutes, 25 seconds;0;3 minutes;25 seconds;0;3;25
Robot Dog on Its Way to the Moon | UZH Spotlight ;278;278;2 years;43 seconds;0;FALSE;0;0;0;43
How to Quarrel Constructively | UZH Spotlight ;277;277;2 years;53 seconds;0;FALSE;0;0;0;53
FrÃ¼he arabische Fotografie ;275;275;13 years;3 minutes, 19 seconds;0;3 minutes;19 seconds;0;3;19
Die Folgen von tiefer genetischen Vielfalt fÃ¼r Schweizer SteinbÃ¶cke ;273;273;2 years;3 minutes, 19 seconds;0;3 minutes;19 seconds;0;3;19
Coaching - Digital Entrepreneurship Bootcamp 2020 ;270;270;4 years;1 minute, 41 seconds;0;1 minute;41 seconds;0;1;41
Rechtsfolgen missbrÃ¤uchlicher Allgemeinen GeschÃ¤ftsbedingungen (AGB) (2019) ;268;268;4 years;4 minutes, 54 seconds;0;4 minutes;54 seconds;0;4;54
Serie Â«Lieblingsorte im 100-jÃ¤hrigen HauptgebÃ¤udeÂ», Teil 5 ;268;268;10 years;4 minutes;0;4 minutes;0;0;4;0
Genetics as a Conservation Tool for Endangered Chimpanzees ğŸ§¬ğŸ’¡ | UZH Spotlight ;267;267;2 years;57 seconds;0;FALSE;0;0;0;57
FilmColors: A research project to preserve film heritage ;267;267;5 years;1 minute, 29 seconds;0;1 minute;29 seconds;0;1;29
Von der Forschung zur Innovation: Virtuelle RealitÃ¤t zur SchmerzbekÃ¤mpfung ;257;257;3 years;2 minutes, 52 seconds;0;2 minutes;52 seconds;0;2;52
Kunst & Literatur vor Gericht: Ringvorlesung an der UniversitÃ¤t ZÃ¼rich ;247;247;6 years;1 minute, 12 seconds;0;1 minute;12 seconds;0;1;12
Global Dimensions of Everyday Life in the Southern Alps, 1650s-1790s ;244;244;4 years;3 minutes, 8 seconds;0;3 minutes;8 seconds;0;3;8
The State of Play of University Autonomy | Una.Lecture at UZH ;242;242;1 year;1 minute, 46 seconds;0;1 minute;46 seconds;0;1;46
Frauen in Schweizer Medien deutlich unterreprÃ¤sentiert ;241;241;3 years;1 minute, 21 seconds;0;1 minute;21 seconds;0;1;21
UZH Surf Wave Summer 2019 ;237;237;5 years;1 minute;0;1 minute;0;0;1;0
Wertvolles Geschenk an die UZH ;236;236;10 years;2 minutes, 31 seconds;0;2 minutes;31 seconds;0;2;31
"""I analyze criminal recordings"" â€“ Honorary Doctor Faculty of Arts and Social Sciences ";233;233;2 years;3 minutes, 16 seconds;0;3 minutes;16 seconds;0;3;16
Aufgefallen: BankengrÃ¼nder Daniel Muntwyler ;233;233;5 years;2 minutes, 19 seconds;0;2 minutes;19 seconds;0;2;19
"Ringvorlesung ""Keller im Kontext"" FS2019 ";231;231;6 years;1 minute, 26 seconds;0;1 minute;26 seconds;0;1;26
Grenzverschiebungen zwischen Ã–ffentlichkeit und Privatem | Antrittsvorlesungen als Podium ;229;229;3 years;52 minutes;0;52 minutes;0;0;52;0
Wissenschaftsbarometer Schweiz 2016 ;229;229;8 years;2 minutes, 6 seconds;0;2 minutes;6 seconds;0;2;6
Sustainable Universities: Expert talk ;227;227;4 years;35 minutes;0;35 minutes;0;0;35;0
Benjamin Ineichen | UZH 3R Award | Animal Welfare ;225;225;1 month;3 minutes, 20 seconds;0;3 minutes;20 seconds;0;3;20
MarktgefÃ¼hle - Finanzanalyse als kulturelle Praxis (2017) ;223;223;4 years;3 minutes, 59 seconds;0;3 minutes;59 seconds;0;3;59
Â«Parldigi MasterClassÂ» im Bundeshaus / at the Federal Palace ;222;222;3 years;2 minutes, 18 seconds;0;2 minutes;18 seconds;0;2;18
Scientifica 2019 ;222;222;5 years;45 seconds;0;FALSE;0;0;0;45
Fighting Back Against the Data Leviathans | UZH Spotlight ;220;220;2 years;50 seconds;0;FALSE;0;0;0;50
Modulating Sleep ğŸ’¤ | UZH Research Spotlight ;215;215;1 year;1 minute, 25 seconds;0;1 minute;25 seconds;0;1;25
The power of sleep | UZH Spotlight ;215;215;2 years;49 seconds;0;FALSE;0;0;0;49
Get to know the School for Transdisciplinary Studies at the University of Zurich ;214;214;2 months;2 minutes, 16 seconds;0;2 minutes;16 seconds;0;2;16
ğŸš€ Kickoff - Digital Entrepreneurship Bootcamp 2021 ;213;213;3 years;2 minutes, 9 seconds;0;2 minutes;9 seconds;0;2;9
Mit welchem Preisschild darf ein Menschenleben angeschrieben werden? ;212;212;4 years;9 minutes, 11 seconds;0;9 minutes;11 seconds;0;9;11
Business Idea - Digital Entrepreneurship Bootcamp 2020 ;211;211;4 years;1 minute, 8 seconds;0;1 minute;8 seconds;0;1;8
Cas9 - Biochemie (2015) ;211;211;4 years;2 minutes, 57 seconds;0;2 minutes;57 seconds;0;2;57
Impressionen von Zurich meets Hong Kong ;205;205;7 years;1 minute, 43 seconds;0;1 minute;43 seconds;0;1;43
School Ambassador Alex Butschi ;196;196;13 years;3 minutes, 40 seconds;0;3 minutes;40 seconds;0;3;40
Petra Seebeck | UZH 3R Award | Animal Welfare ;195;195;1 month;2 minutes, 47 seconds;0;2 minutes;47 seconds;0;2;47
Eine Ikone entsteht: Der Neubau FORUM UZH ;190;190;1 month;40 seconds;0;FALSE;0;0;0;40
Satellite Monitoring of Biodiversity Moves Within Reach | UZH Spotlight ;189;189;2 years;39 seconds;0;FALSE;0;0;0;39
UZH Innovation Hub an der Scientifica 2023 ;188;188;1 year;4 minutes;0;4 minutes;0;0;4;0
Taking Climate to Court | UZH Spotlight ;186;186;2 years;57 seconds;0;FALSE;0;0;0;57
Season's Greetings  2018 ;184;184;6 years;53 seconds;0;FALSE;0;0;0;53
Zurich Seed Bank | UZH Research Spotlight ;182;182;1 year;1 minute, 33 seconds;0;1 minute;33 seconds;0;1;33
Vodka, Benzodiazepines & Co: A Dangerous Mix for Young People ;181;181;2 years;1 minute, 1 second;0;1 minute;1 second;0;1;1
Communication Makes Hunting Easier for Chimpanzees | UZH Spotlight ;181;181;2 years;53 seconds;0;FALSE;0;0;0;53
Scientifica 2021 - Die ZÃ¼rcher Wissenschaftstage ;181;181;3 years;2 minutes, 1 second;0;2 minutes;1 second;0;2;1
Preventing Social Decline | UZH Spotlight ;180;180;2 years;1 minute, 2 seconds;0;1 minute;2 seconds;0;1;2
Genome-edited plants and sustainable agriculture | UZH Spotlight ;179;179;2 years;40 seconds;0;FALSE;0;0;0;40
Innovathon 2021 - it was a wrap! ;179;179;3 years;1 minute, 35 seconds;0;1 minute;35 seconds;0;1;35
Wie Elvis sein - Vorbilder und unser Ich ;175;175;4 years;3 minutes, 49 seconds;0;3 minutes;49 seconds;0;3;49
Risiken und Nebenwirkungen des mobilen Internet - Medienpsychologie (2016) ;171;171;4 years;5 minutes, 31 seconds;0;5 minutes;31 seconds;0;5;31
"""Education is liberation"" â€“ Honorary Doctor Vetsuisse Faculty 2022 ";167;167;2 years;3 minutes, 40 seconds;0;3 minutes;40 seconds;0;3;40
Rising News Deprivation Has Negative Consequences for Democracy | UZH Spotlight ;166;166;2 years;44 seconds;0;FALSE;0;0;0;44
Innovators CampÂ â€“ Wrap Up | UZH Innovation Hub ;164;164;2 years;2 minutes, 1 second;0;2 minutes;1 second;0;2;1
RÃ¤ume & Ressourcen â€“ Wo, wie und womit erfolgreich forschen? | Antrittsvorlesungen als Podium ;162;162;3 years;43 minutes;0;43 minutes;0;0;43;0
ğŸš€ Meet the lecturers - Digital Ventures Seminar 2021 ;161;161;3 years;58 seconds;0;FALSE;0;0;0;58
More Broccoli, Less Steak ğŸ¥¦ğŸ¥© | UZH Spotlight ;158;158;2 years;55 seconds;0;FALSE;0;0;0;55
Workouts for the Brain | UZH Spotlight ;157;157;2 years;49 seconds;0;FALSE;0;0;0;49
"""Women are not little men"" â€“ Honorary Doctor Faculty of Medicine 2022 ";157;157;2 years;2 minutes, 59 seconds;0;2 minutes;59 seconds;0;2;59
Kickoff - Digital Entrepreneurship Bootcamp 2020 ;155;155;4 years;2 minutes, 18 seconds;0;2 minutes;18 seconds;0;2;18
Research in Weightlessness âœˆï¸ | UZH Spotlight ;154;154;2 years;45 seconds;0;FALSE;0;0;0;45
Digital Ventures Program 2022 | Wrap Up ;152;152;2 years;1 minute, 30 seconds;0;1 minute;30 seconds;0;1;30
Entwicklungspsychologie â€“ Prof. Dr. Moritz Daum  | UZH Research Spotlight ;150;150;2 weeks;2 minutes, 56 seconds;0;2 minutes;56 seconds;0;2;56
Lifelong Learning | UZH Research Spotlight ;147;147;1 year;1 minute, 33 seconds;0;1 minute;33 seconds;0;1;33
Nachhaltige Digitalisierung | UZH Spotlight ;147;147;2 years;48 seconds;0;FALSE;0;0;0;48
"""I am moved by the question of reconciliation"" â€“ Honorary Doctor Faculty of Theology 2022 ";147;147;2 years;3 minutes, 35 seconds;0;3 minutes;35 seconds;0;3;35
Unlocking the Data Treasure Chest | UZH Spotlight ;146;146;2 years;1 minute, 7 seconds;0;1 minute;7 seconds;0;1;7
Wie Insekten die Evolution von Pflanzen beeinflussen ;146;146;2 years;2 minutes, 24 seconds;0;2 minutes;24 seconds;0;2;24
"""Cosmology interests most people"" â€“ Honorary Doctor Faculty of Science 2022 ";141;141;2 years;3 minutes, 27 seconds;0;3 minutes;27 seconds;0;3;27
Heart Attacks In Women | UZH Spotlight ;140;140;2 years;51 seconds;0;FALSE;0;0;0;51
Climate change: Have Science and Education Failed? ;140;140;4 years;26 minutes;0;26 minutes;0;0;26;0
Nachhaltigkeitswoche ;140;140;12 years;6 minutes, 21 seconds;0;6 minutes;21 seconds;0;6;21
Student Stories UZH | VeterinÃ¤rmedizin ;139;139;3 weeks;2 minutes, 46 seconds;0;2 minutes;46 seconds;0;2;46
Austauschsemester: Myanmar rÃ¼ckt nÃ¤her ;139;139;7 years;5 minutes, 10 seconds;0;5 minutes;10 seconds;0;5;10
Student Stories UZH | English Literature & Linguistics ;137;137;3 weeks;2 minutes, 8 seconds;0;2 minutes;8 seconds;0;2;8
Most Swiss People Trust Science | UZH Spotlight ;135;135;2 years;43 seconds;0;FALSE;0;0;0;43
Remote Sensing: The Oracle of Leaves | UZH Spotlight ;134;134;2 years;53 seconds;0;FALSE;0;0;0;53
ğŸš€ Financial Management & Intellectual Property - Digital Ventures Seminar 2021 ;134;134;3 years;2 minutes, 9 seconds;0;2 minutes;9 seconds;0;2;9
Student Stories UZH | Geographie ;132;132;3 weeks;2 minutes, 36 seconds;0;2 minutes;36 seconds;0;2;36
Shaping Resilient Societies | Panel at UN High Level Political Forum ;127;127;3 years;1 hour, 30 minutes;1 hour;30 minutes;0;1;30;0
BEST OF Shaping Resilient Societies | Panel at UN High Level Political Forum ;124;124;3 years;9 minutes, 21 seconds;0;9 minutes;21 seconds;0;9;21
ğŸš€ Leadership, Self-Management & Personal Resilience - Digital Ventures Seminar 2021 ;121;121;3 years;1 minute, 59 seconds;0;1 minute;59 seconds;0;1;59
ğŸš€ Company Founding and Entrepreneurial Finance in Switzerland - Digital Ventures Seminar 2021 ;116;116;3 years;3 minutes, 3 seconds;0;3 minutes;3 seconds;0;3;3
Center for Research in Sports Administration ;116;116;12 years;5 minutes, 15 seconds;0;5 minutes;15 seconds;0;5;15
"""The rule of law is crucial for a democratic state"" â€“ Honorary Doctor Faculty of Law 2022 ";114;114;2 years;3 minutes, 35 seconds;0;3 minutes;35 seconds;0;3;35
Dynamische Entscheidungsmodelle - Wirtschaftswissenschaft (2015) ;114;114;4 years;4 minutes, 31 seconds;0;4 minutes;31 seconds;0;4;31
Vulnerable Prehistoric Giants | UZH Spotlight ;113;113;2 years;53 seconds;0;FALSE;0;0;0;53
Infants and the Covid-19 Pandemic | UZH Spotlight ;107;107;2 years;45 seconds;0;FALSE;0;0;0;45
"""I study the economics of education"" â€“ Honorary Doctor Faculty of Business and Economics 2022 ";102;102;2 years;3 minutes, 40 seconds;0;3 minutes;40 seconds;0;3;40
Mehltau: Ein anpassungsfÃ¤higer Pilz ;94;94;2 years;2 minutes, 5 seconds;0;2 minutes;5 seconds;0;2;5
SCIENTIFICA TRAILER 2023 â€“ What holds the world together ;89;89;1 year;38 seconds;0;FALSE;0;0;0;38
A Fountain of Youth for Blood Vessels | UZH Spotlight ;89;89;2 years;51 seconds;0;FALSE;0;0;0;51
Longer and more frequent heat waves | UZH Spotlight ;88;88;2 years;44 seconds;0;FALSE;0;0;0;44
Gestures Can Improve Understanding in Language Disorders | UZH Spotlight ;84;84;2 years;38 seconds;0;FALSE;0;0;0;38
ğŸš€ 40 UZH participants - Digital Ventures Seminar 2021 ;84;84;3 years;1 minute, 45 seconds;0;1 minute;45 seconds;0;1;45
Early Self-Regulation Boosts Childrenâ€™s Educational Success | UZH Spotlight ;83;83;2 years;34 seconds;0;FALSE;0;0;0;34
Microinsurances - Climate change and insurance markets (2016) ;80;80;4 years;5 minutes, 22 seconds;0;5 minutes;22 seconds;0;5;22
ğŸš€ Closing session - Digital Ventures Seminar 2021 ;74;74;3 years;1 minute, 28 seconds;0;1 minute;28 seconds;0;1;28
MÃ¤rkte ohne Geld - Mechanismen und Strategyproofness (2017) ;69;69;4 years;3 minutes, 26 seconds;0;3 minutes;26 seconds;0;3;26
Hochzeitsreise? VÃ¶lkerkundemuseum macht Forschung zu Ostafrika-Sammlung sichtbar | UZH Spotlight ;65;65;2 years;43 seconds;0;FALSE;0;0;43;0
ğŸš€ The Kick-off - Digital Ventures Seminar 2021 ;65;65;3 years;1 minute, 12 seconds;0;1 minute;12 seconds;0;1;12
Desinformation in digitalen Medien | UZH Research Spotlight ;50;50;20 hours;1 minute, 22 seconds;0;1 minute;22 seconds;0;1;22
